{
  "name": "ecommerce-frontend",
  "version": "1.0.0",
  "private": true,
  "scripts": {
    "start": "expo start",
    "android": "expo start --android",
    "ios": "expo start --ios"
  },
  "dependencies": {
    "@react-native-async-storage/async-storage": "^2.2.0",
    "@react-navigation/bottom-tabs": "^6.5.7",
    "@react-navigation/native": "^6.1.6",
    "@react-navigation/native-stack": "^6.9.12",
    "axios": "^1.4.0",
    "expo": "^54.0.30",
    "expo-image-picker": "^17.0.10",
    "react": "18.2.0",
    "react-dom": "^18.2.0",
    "react-native": "0.71.8",
    "react-native-paper": "^5.10.0",
    "react-native-safe-area-context": "^4.5.0",
    "react-native-screens": "^3.20.0",
    "react-native-web": "^0.18.10"
  }
}
